{
  "BitTorrent": {
    "precision": 0.4696774193548387,
    "recall": 0.3568627450980392,
    "f1-score": 0.4055710306406685,
    "support": 1020.0
  },
  "FTP": {
    "precision": 0.9995840266222962,
    "recall": 1.0,
    "f1-score": 0.9997919700436863,
    "support": 2403.0
  },
  "Gmail": {
    "precision": 0.8752620545073375,
    "recall": 0.6112737920937042,
    "f1-score": 0.7198275862068966,
    "support": 1366.0
  },
  "MySQL": {
    "precision": 1.0,
    "recall": 1.0,
    "f1-score": 1.0,
    "support": 1415.0
  },
  "Outlook": {
    "precision": 0.5189804772234273,
    "recall": 0.641851106639839,
    "f1-score": 0.5739130434782609,
    "support": 1491.0
  },
  "SMB": {
    "precision": 0.9801782421634911,
    "recall": 0.9993733354222153,
    "f1-score": 0.9896827243813513,
    "support": 6383.0
  },
  "Skype": {
    "precision": 0.9991796554552912,
    "recall": 1.0,
    "f1-score": 0.9995896594173164,
    "support": 1218.0
  },
  "Weibo": {
    "precision": 0.9696119111545033,
    "recall": 0.9966131460110387,
    "f1-score": 0.9829271310157119,
    "support": 7972.0
  },
  "WorldOfWarcraft": {
    "precision": 1.0,
    "recall": 1.0,
    "f1-score": 1.0,
    "support": 3104.0
  },
  "Cridex": {
    "precision": 0.9996948428440647,
    "recall": 1.0,
    "f1-score": 0.9998473981382573,
    "support": 3276.0
  },
  "Geodo": {
    "precision": 0.9929548280149192,
    "recall": 0.9950166112956811,
    "f1-score": 0.9939846504874508,
    "support": 2408.0
  },
  "Htbot": {
    "precision": 0.9080906148867314,
    "recall": 0.8846153846153846,
    "f1-score": 0.8961992973490898,
    "support": 1586.0
  },
  "Miuref": {
    "precision": 0.9918946301925026,
    "recall": 0.9989795918367347,
    "f1-score": 0.9954245043213015,
    "support": 1960.0
  },
  "Neris": {
    "precision": 0.8516279069767442,
    "recall": 0.8360730593607306,
    "f1-score": 0.843778801843318,
    "support": 2190.0
  },
  "Nsis": {
    "precision": 0.735632183908046,
    "recall": 0.4740740740740741,
    "f1-score": 0.5765765765765766,
    "support": 135.0
  },
  "Shifu": {
    "precision": 0.9652777777777778,
    "recall": 0.972027972027972,
    "f1-score": 0.9686411149825784,
    "support": 143.0
  },
  "Virut": {
    "precision": 0.782608695652174,
    "recall": 0.8293051359516617,
    "f1-score": 0.8052805280528053,
    "support": 1324.0
  },
  "Zeus": {
    "precision": 0.9578313253012049,
    "recall": 0.8736263736263736,
    "f1-score": 0.9137931034482759,
    "support": 182.0
  },
  "accuracy": 0.9334950475035375,
  "macro avg": {
    "precision": 0.8887825884464085,
    "recall": 0.8594273515585251,
    "f1-score": 0.8702682844657526,
    "support": 39576.0
  },
  "weighted avg": {
    "precision": 0.9332927546111836,
    "recall": 0.9334950475035375,
    "f1-score": 0.9319502121294146,
    "support": 39576.0
  }
}