{
  "BitTorrent": {
    "precision": 0.6048034934497817,
    "recall": 0.27156862745098037,
    "f1-score": 0.37483085250338294,
    "support": 1020.0
  },
  "FTP": {
    "precision": 0.9995838535164377,
    "recall": 0.9995838535164377,
    "f1-score": 0.9995838535164377,
    "support": 2403.0
  },
  "Gmail": {
    "precision": 0.9069767441860465,
    "recall": 0.5995607613469985,
    "f1-score": 0.7219039224327898,
    "support": 1366.0
  },
  "MySQL": {
    "precision": 1.0,
    "recall": 1.0,
    "f1-score": 1.0,
    "support": 1415.0
  },
  "Outlook": {
    "precision": 0.521838034576888,
    "recall": 0.7692823608316566,
    "f1-score": 0.6218487394957983,
    "support": 1491.0
  },
  "SMB": {
    "precision": 0.9789780573883688,
    "recall": 0.9995300015666615,
    "f1-score": 0.9891472868217054,
    "support": 6383.0
  },
  "Skype": {
    "precision": 0.9991796554552912,
    "recall": 1.0,
    "f1-score": 0.9995896594173164,
    "support": 1218.0
  },
  "Weibo": {
    "precision": 0.9730722154222766,
    "recall": 0.9972403411941796,
    "f1-score": 0.9850080535249659,
    "support": 7972.0
  },
  "WorldOfWarcraft": {
    "precision": 0.9996776273372018,
    "recall": 0.9990335051546392,
    "f1-score": 0.9993554624556881,
    "support": 3104.0
  },
  "Cridex": {
    "precision": 0.9996948428440647,
    "recall": 1.0,
    "f1-score": 0.9998473981382573,
    "support": 3276.0
  },
  "Geodo": {
    "precision": 0.9904880066170388,
    "recall": 0.9946013289036545,
    "f1-score": 0.9925404061334439,
    "support": 2408.0
  },
  "Htbot": {
    "precision": 0.9127035830618893,
    "recall": 0.8833543505674654,
    "f1-score": 0.8977891701377764,
    "support": 1586.0
  },
  "Miuref": {
    "precision": 0.9939055358049771,
    "recall": 0.9984693877551021,
    "f1-score": 0.9961822346653092,
    "support": 1960.0
  },
  "Neris": {
    "precision": 0.8593676262387919,
    "recall": 0.8315068493150685,
    "f1-score": 0.8452077048038988,
    "support": 2190.0
  },
  "Nsis": {
    "precision": 0.7452830188679245,
    "recall": 0.5851851851851851,
    "f1-score": 0.6556016597510373,
    "support": 135.0
  },
  "Shifu": {
    "precision": 0.9517241379310345,
    "recall": 0.965034965034965,
    "f1-score": 0.9583333333333334,
    "support": 143.0
  },
  "Virut": {
    "precision": 0.7832752613240418,
    "recall": 0.8489425981873112,
    "f1-score": 0.814787966654585,
    "support": 1324.0
  },
  "Zeus": {
    "precision": 0.8556149732620321,
    "recall": 0.8791208791208791,
    "f1-score": 0.8672086720867209,
    "support": 182.0
  },
  "accuracy": 0.936426116838488,
  "macro avg": {
    "precision": 0.8931203704046715,
    "recall": 0.8678897219517325,
    "f1-score": 0.8732647986595804,
    "support": 39576.0
  },
  "weighted avg": {
    "precision": 0.9385546925548944,
    "recall": 0.936426116838488,
    "f1-score": 0.9337337725333138,
    "support": 39576.0
  }
}