{
  "BitTorrent": {
    "precision": 0.4264870931537598,
    "recall": 0.37254901960784315,
    "f1-score": 0.3976975405546834,
    "support": 1020.0
  },
  "FTP": {
    "precision": 0.9987531172069826,
    "recall": 1.0,
    "f1-score": 0.9993761696818465,
    "support": 2403.0
  },
  "Gmail": {
    "precision": 0.8765957446808511,
    "recall": 0.6032210834553441,
    "f1-score": 0.7146574154379879,
    "support": 1366.0
  },
  "MySQL": {
    "precision": 1.0,
    "recall": 1.0,
    "f1-score": 1.0,
    "support": 1415.0
  },
  "Outlook": {
    "precision": 0.5143320713899405,
    "recall": 0.6378269617706237,
    "f1-score": 0.5694610778443113,
    "support": 1491.0
  },
  "SMB": {
    "precision": 0.9889905411691735,
    "recall": 0.9992166692777691,
    "f1-score": 0.9940773067331671,
    "support": 6383.0
  },
  "Skype": {
    "precision": 0.9991796554552912,
    "recall": 1.0,
    "f1-score": 0.9995896594173164,
    "support": 1218.0
  },
  "Weibo": {
    "precision": 0.9796447076239823,
    "recall": 0.9961113898645259,
    "f1-score": 0.9878094290334619,
    "support": 7972.0
  },
  "WorldOfWarcraft": {
    "precision": 1.0,
    "recall": 1.0,
    "f1-score": 1.0,
    "support": 3104.0
  },
  "Cridex": {
    "precision": 0.9993898718730934,
    "recall": 1.0,
    "f1-score": 0.9996948428440647,
    "support": 3276.0
  },
  "Geodo": {
    "precision": 0.99212271973466,
    "recall": 0.9937707641196013,
    "f1-score": 0.9929460580912863,
    "support": 2408.0
  },
  "Htbot": {
    "precision": 0.8887507768800498,
    "recall": 0.9016393442622951,
    "f1-score": 0.8951486697965572,
    "support": 1586.0
  },
  "Miuref": {
    "precision": 0.9918905220476432,
    "recall": 0.9984693877551021,
    "f1-score": 0.9951690821256038,
    "support": 1960.0
  },
  "Neris": {
    "precision": 0.8422971741112124,
    "recall": 0.8438356164383561,
    "f1-score": 0.843065693430657,
    "support": 2190.0
  },
  "Nsis": {
    "precision": 0.7142857142857143,
    "recall": 0.4074074074074074,
    "f1-score": 0.5188679245283019,
    "support": 135.0
  },
  "Shifu": {
    "precision": 0.92,
    "recall": 0.965034965034965,
    "f1-score": 0.9419795221843004,
    "support": 143.0
  },
  "Virut": {
    "precision": 0.8058035714285714,
    "recall": 0.81797583081571,
    "f1-score": 0.8118440779610195,
    "support": 1324.0
  },
  "Zeus": {
    "precision": 0.94375,
    "recall": 0.8296703296703297,
    "f1-score": 0.8830409356725146,
    "support": 182.0
  },
  "accuracy": 0.9335203153426319,
  "macro avg": {
    "precision": 0.8823485156133847,
    "recall": 0.853707153859993,
    "f1-score": 0.8635791891853933,
    "support": 39576.0
  },
  "weighted avg": {
    "precision": 0.9345496571450735,
    "recall": 0.9335203153426319,
    "f1-score": 0.9326830419921762,
    "support": 39576.0
  }
}